{
    "$schema": "https://schema.management.azure.com/schemas/2019-04-01/deploymentTemplate.json#",
    "contentVersion": "1.0.0.0",
    "parameters": {  
         "skustg": {
            "type" : "string",
            "defaultValue":"Standard_LRS",
            "allowedValues":["Standard_LRS","Standard_GRS","Standard_RAGRS"]
                   }
        },
    "functions": [],
    "variables": {},
    "resources": [
        {
            "name": "[concat(copyIndex(),'storageaccount18966')]",
            "type": "Microsoft.Storage/storageAccounts",
            "apiVersion": "2021-04-01",
            "location": "Central Us",
            "kind": "StorageV2",
            "sku": {
                "name": "[parameters('skustg')]"
            },
            "copy" :{
                "name":"stgcopy",
                "count":3
            }
        }
    ]
}