{
    "$schema": "https://schema.management.azure.com/schemas/2019-04-01/deploymentTemplate.json#",
    "contentVersion": "1.0.0.0",
    "parameters": {},
    "functions": [],
    "variables": {},
    "resources": [
        {
            "name": "networkInterface12",
            "type": "Microsoft.Network/networkInterfaces",
            "apiVersion": "2020-11-01",
            "location": "central us",
            "tags": {
                "displayName": "networkInterface12"
            },
            "properties": {
                "ipConfigurations": [
                    {
                        "name": "ipConfig1",
                        "properties": {
                            "privateIPAllocationMethod": "Dynamic",
                            "subnet": {
                                "id": "[resourceId('Microsoft.Network/virtualNetworks/subnets', 'myvnet1', 'Subnet-1')]"
                            }
                        }
                    }
                ]
            }
        }
    ],
    "outputs": {}
}