{
    "$schema": "https://schema.management.azure.com/schemas/2019-04-01/deploymentTemplate.json#",
    "contentVersion": "1.0.0.0",
    "parameters": {
        "vmpass":{
            "type": "securestring"
        }
    },
    "functions": [],
    "variables": {},
    "resources": [
        {
            "name": "[toLower('stgvm178889')]",
            "type": "Microsoft.Storage/storageAccounts",
            "apiVersion": "2021-04-01",
            "location": "[resourceGroup().location]",
            "tags": {
                "displayName": "demowinvm Storage Account"
            },
            "sku": {
                "name": "Standard_LRS"
            },
            "kind": "StorageV2"
        },
        {
            "name": "demowinvm-pub-ip",
            "type": "Microsoft.Network/publicIPAddresses",
            "apiVersion": "2020-11-01",
            "location": "[resourceGroup().location]",
            "tags": {
                "displayName": "PublicIPAddress"
            },
            "properties": {
                "publicIPAllocationMethod": "Dynamic",
                "dnsSettings": {
                    "domainNameLabel": "[toLower('demowinvm')]"
                }
            }
        },
        {
            "name": "demowinvm-nsg",
            "type": "Microsoft.Network/networkSecurityGroups",
            "apiVersion": "2020-11-01",
            "location": "[resourceGroup().location]",
            "properties": {
                "securityRules": [
                    {
                        "name": "nsgRule1",
                        "properties": {
                            "description": "description",
                            "protocol": "Tcp",
                            "sourcePortRange": "*",
                            "destinationPortRange": "3389",
                            "sourceAddressPrefix": "*",
                            "destinationAddressPrefix": "*",
                            "access": "Allow",
                            "priority": 100,
                            "direction": "Inbound"
                        }
                    }
                ]
            }
        },
        {
            "name": "demowinvm-Vnet",
            "type": "Microsoft.Network/virtualNetworks",
            "apiVersion": "2020-11-01",
            "location": "[resourceGroup().location]",
            "dependsOn": [
                "[resourceId('Microsoft.Network/networkSecurityGroups', 'demowinvm-nsg')]"
            ],
            "tags": {
                "displayName": "demowinvm-Vnet"
            },
            "properties": {
                "addressSpace": {
                    "addressPrefixes": [
                        "10.2.0.0/16"
                    ]
                },
                "subnets": [
                    {
                        "name": "demowinvm-Vnet-Subnet",
                        "properties": {
                            "addressPrefix": "10.2.0.0/24",
                            "networkSecurityGroup": {
                                "id": "[resourceId('Microsoft.Network/networkSecurityGroups', 'demowinvm-nsg')]"
                            }
                        }
                    }
                ]
            }
        },
        {
            "name": "demowinvm-NetworkInterface",
            "type": "Microsoft.Network/networkInterfaces",
            "apiVersion": "2020-11-01",
            "location": "[resourceGroup().location]",
            "dependsOn": [
                "[resourceId('Microsoft.Network/publicIPAddresses', 'demowinvm-pub-ip')]",
                "[resourceId('Microsoft.Network/virtualNetworks', 'demowinvm-Vnet')]"
            ],
            "tags": {
                "displayName": "demowinvm Network Interface"
            },
            "properties": {
                "ipConfigurations": [
                    {
                        "name": "ipConfig1",
                        "properties": {
                            "privateIPAllocationMethod": "Dynamic",
                            "publicIPAddress": {
                                "id": "[resourceId('Microsoft.Network/publicIPAddresses', 'demowinvm-pub-ip')]"
                            },
                            "subnet": {
                                "id": "[resourceId('Microsoft.Network/virtualNetworks/subnets', 'demowinvm-Vnet', 'demowinvm-Vnet-Subnet')]"
                            }
                        }
                    }
                ]
            }
        },
        {
            "name": "demowinvm",
            "type": "Microsoft.Compute/virtualMachines",
            "apiVersion": "2021-03-01",
            "location": "[resourceGroup().location]",
            "dependsOn": [
                "[resourceId('Microsoft.Storage/storageAccounts', toLower('stgvm178889'))]",
                "[resourceId('Microsoft.Network/networkInterfaces', 'demowinvm-NetworkInterface')]"
            ],
            "tags": {
                "displayName": "demowinvm"
            },
            "properties": {
                "hardwareProfile": {
                    "vmSize": "Standard_A2_v2"
                },
                "osProfile": {
                    "computerName": "demowinvm",
                    "adminUsername": "adminUsername",
                    "adminPassword": "[parameters('vmpass')]"
                },
                "storageProfile": {
                    "imageReference": {
                        "publisher": "MicrosoftWindowsServer",
                        "offer": "WindowsServer",
                        "sku": "2012-R2-Datacenter",
                        "version": "latest"
                    },
                    "osDisk": {
                        "name": "demowinvmOSDisk",
                        "caching": "ReadWrite",
                        "createOption": "FromImage"
                    }
                },
                "networkProfile": {
                    "networkInterfaces": [
                        {
                            "id": "[resourceId('Microsoft.Network/networkInterfaces', 'demowinvm-NetworkInterface')]"
                        }
                    ]
                },
                "diagnosticsProfile": {
                    "bootDiagnostics": {
                        "enabled": true,
                        "storageUri": "[reference(resourceId('Microsoft.Storage/storageAccounts/', toLower('stgvm178889'))).primaryEndpoints.blob]"
                    }
                }
            }
        }
    ],
    "outputs": {}
}