{
    "$schema": "https://schema.management.azure.com/schemas/2019-04-01/deploymentTemplate.json#",
    "contentVersion": "1.0.0.0",
    "parameters": {},
    "functions": [],
    "variables": {},
    "resources": [
        {
            "name": "demoplan",
            "type": "Microsoft.Web/serverfarms",
            "apiVersion": "2020-12-01",
            "location": "[resourceGroup().location]",
            "sku": {
                "name": "F1",
                "capacity": 1
            },
        
            "properties": {
                "name": "demoplan"
            }
        },
        {
            "name": "demowebapp3185098",
            "type": "Microsoft.Web/sites",
            "apiVersion": "2020-12-01",
            "location": "[resourceGroup().location]",
            "tags": {
                "[concat('hidden-related:', resourceGroup().id, '/providers/Microsoft.Web/serverfarms/appServicePlan1')]": "Resource",
                "displayName": "demowebapp3185098"
            },
            "dependsOn": [
                "[resourceId('Microsoft.Web/serverfarms', 'demoplan')]"
            ],
            "properties": {
                "name": "demowebapp3185098",
                "serverFarmId": "[resourceId('Microsoft.Web/serverfarms', 'demoplan')]"
            }
        }
    ],
    "outputs": {}
}