  { 
     "resource_group_name":"CISTranning",
	 "location":"westus",
	  "client_id":"599967b4-8b76-46d5-9340-c3029b57d939",
	 "tenant_id":"fad79356-d460-475d-81b3-f636d2919dc0",
	 "subscription_id":"340c404c-2d25-4500-a974-f07b5cba6aed",
	 "tag_primary":"venkatesh.b@mphasis.com",
	 "tag_Pcode":"98025",
	 "tag_Secondary":"samir.kapoor@mphasis.com",
	 "tag_PName":"CLOUD_COE",
	 "storageaccountname":"cistran3232",
	 "account_replication_type":"GRS",
	 "account_tier":"Standard",
	 "client_secret":"lZHa4~DuwpR8-3CWTVd.ep6X6gK.1har_S"
	 
	 	          
	}