{
    "$schema": "https://schema.management.azure.com/schemas/2019-04-01/deploymentTemplate.json#",
    "contentVersion": "1.0.0.0",
    "parameters": {},
    "functions": [],
    "variables": {},
    "resources": [
        {
            "name": "ProdVnet",
            "type": "Microsoft.Network/virtualNetworks",
            "apiVersion": "2020-11-01",
            "location": "[resourceGroup().location]",
            "tags": {
                "displayName": "ProdVnet"
            },
            "properties": {
                "addressSpace": {
                    "addressPrefixes": [
                        "10.1.0.0/16"
                    ]
                },
                "subnets": [
                    {
                        "name": "Subnet-A",
                        "properties": {
                            "addressPrefix": "10.1.0.0/24"
                        }
                    }

                      
                ]
            }
        },
        {
            "name": "prodnic",
            "type": "Microsoft.Network/networkInterfaces",
            "apiVersion": "2020-11-01",
            "location": "[resourceGroup().location]",
            "tags": {
                "displayName": "prodnic"
            },
            "dependsOn": [
                "[resourceId('Microsoft.Network/virtualNetworks', 'ProdVnet')]"
            ],
            "properties": {
                "ipConfigurations": [
                    {
                        "name": "ipConfig1",
                        "properties": {
                            "privateIPAllocationMethod": "Dynamic",
                            "subnet": {
                                "id": "[resourceId('Microsoft.Network/virtualNetworks/subnets', 'ProdVnet', 'Subnet-A')]"
                            }
                        }
                    }
                ]
            }
        }
    ],
    "outputs": {}
}