{
    "$schema": "https://schema.management.azure.com/schemas/2019-04-01/deploymentTemplate.json#",
    "contentVersion": "1.0.0.0",
    "parameters": {},
    "functions": [],
    "variables": {},
    "resources": [
        {
            "name": "[concat(copyIndex(),'storageaccount1866')]",
            "type": "Microsoft.Storage/storageAccounts",
            "apiVersion": "2021-04-01",
            "location": "Central Us",
            "kind": "StorageV2",
            "sku": {
                "name": "Standard_LRS"
            },
            "copy" :{
                "name":"stgcopy",
                "count":3
            }
        }
    ]
}